,Ni_87A,Ni_87A_sigma,Ni_mcmc,Ni_mcmc_16perc,Ni_mcmc_84perc
0,0.19976362527801625,0.11148379976800912,0.13800821502521693,0.0010879988328688084,0.001056781826428016
