,Ni_87A,Ni_87A_sigma,Ni_mcmc,Ni_mcmc_16perc,Ni_mcmc_84perc
0,0.15326429327887536,0.04541091779089414,0.1358292209010178,0.00040927709119886746,0.00043558405914159715
