,Ni_mcmc,Ni_mcmc_16perc,Ni_mcmc_84perc,Ni_87A,Ni_87A_sigma
0,0.1717019309595284,0.0005427787672086515,0.000557169228646931,0.16235501958285395,0.029649230756337297
