,Ni_mcmc,Ni_mcmc_16perc,Ni_mcmc_84perc,Ni_87A,Ni_87A_sigma
0,0.1494921033978935,0.0011190068353534588,0.0011574692215853,0.1532532238580694,0.030029473787218944
