,m0,m0_lower,m0_upper,a0,a0_lower,a0_upper,tPT,tPT_lower,tPT_upper,w0,w0_lower,w0_upper,vmag_50,vmag_50_err,s50V,s50V_err,p0,p0_err,Vmax,e_Vmax,Name
0,19.297174445593058,0.08249649048105212,0.08134671268905791,2.551877243155256,0.0904556151531164,0.08834095210918935,129.0606724477363,1.8291080400508406,1.918955805717303,25.989943223244357,1.0409696727466269,0.9099100740651203,-18.592699999999997,0.0139,1.048526236209267,0.0007612673500839639,0.013174860582548836,0.004599042798236484,-18.945899999999998,0.0265,SN2018hmx
