,Ni_mass,Ni_lower,Ni_upper,Ni_87A
0,0.13969768463252408,0.00044993296413989303,0.000452704847757196,0.16168141307586176
