,Ni_mass,Ni_lower,Ni_upper
0,0.13785186380928968,0.0009704736423033489,0.001025986411288149
