,Ni_mass,Ni_lower,Ni_upper
0,0.1395769093102017,0.0003797699085306139,0.00038815550334517224
