,Ni_mass,Ni_lower,Ni_upper
0,0.14092645918817343,0.0004558642781898048,0.00046102623024452116
