,m0,m0_lower,m0_upper,a0,a0_lower,a0_upper,tPT,tPT_lower,tPT_upper,w0,w0_lower,w0_upper,vmag_50,vmag_50_err,s50V,s50V_err,p0,p0_err,Vmax,e_Vmax,Name
0,20.60006001907313,0.11495019332047107,0.12509701052926658,3.859289316885763,0.1338437573489908,0.14786688952417792,128.97176313262594,1.8728561460036417,2.1683264610832396,33.782063335076046,1.2665417345154495,1.1689414174093926,-18.6427,0.0139,0.8439628725128718,0.0015714327180013472,-0.0016623571578003127,0.02638188755966444,-18.995900000000002,0.0265,SN2018hmx
