,Ni_mass,Ni_lower,Ni_upper
0,0.11247642974077286,0.0012022702817468672,0.0011416399558671353
