,m0,m0_lower,m0_upper,a0,a0_lower,a0_upper,tPT,tPT_lower,tPT_upper,w0,w0_lower,w0_upper,vmag_50,vmag_50_err,s50V,s50V_err,p0,p0_err,Vmax,e_Vmax,Name
0,20.50746707621536,0.1123413566342748,0.11067418866061018,3.7564164496575625,0.12184630727107981,0.1291852938468474,131.2908849676705,1.900585255486618,1.86329676725353,33.84808713439499,0.9850819488200031,1.1032714665901295,-18.6427,0.0139,0.8256504705621288,0.001537335592988029,0.009116790700520343,0.008896004178867968,-18.995900000000002,0.0265,SN2018hmx
