,Ni_mass,Ni_lower,Ni_upper
0,0.14136714248988957,0.0011664989943125925,0.0011826513301525232
